{
  "hash": "6a5e2453",
  "configHash": "48c08aa3",
  "lockfileHash": "ec21bfab",
  "browserHash": "e2ebf772",
  "optimized": {
    "@angular/core": {
      "src": "../../../../../../node_modules/@angular/core/fesm2022/core.mjs",
      "file": "@angular_core.js",
      "fileHash": "e8064a16",
      "needsInterop": false
    },
    "@angular/platform-browser": {
      "src": "../../../../../../node_modules/@angular/platform-browser/fesm2022/platform-browser.mjs",
      "file": "@angular_platform-browser.js",
      "fileHash": "e8f32825",
      "needsInterop": false
    },
    "@angular/router": {
      "src": "../../../../../../node_modules/@angular/router/fesm2022/router.mjs",
      "file": "@angular_router.js",
      "fileHash": "9001e05e",
      "needsInterop": false
    },
    "uuid": {
      "src": "../../../../../../node_modules/uuid/dist/index.js",
      "file": "uuid.js",
      "fileHash": "93301512",
      "needsInterop": false
    },
    "@angular/forms": {
      "src": "../../../../../../node_modules/@angular/forms/fesm2022/forms.mjs",
      "file": "@angular_forms.js",
      "fileHash": "3719ce63",
      "needsInterop": false
    }
  },
  "chunks": {
    "chunk-NSQ7NIS2": {
      "file": "chunk-NSQ7NIS2.js"
    },
    "chunk-YFFHFCCQ": {
      "file": "chunk-YFFHFCCQ.js"
    },
    "chunk-2V5HB3BF": {
      "file": "chunk-2V5HB3BF.js"
    },
    "chunk-GOMI4DH3": {
      "file": "chunk-GOMI4DH3.js"
    }
  }
}